{"val_loss":1.5173801565170288,"epoch":49,"batch_train_loss":0.000708067964296788,"val_acc_epoch":77.11000331115723,"n_params":57823240,"_step":149,"batch_train_acc":100,"train_loss":0.010234628024301492,"n_flops":95588608,"_runtime":405.699916957,"val_loss_epoch":1.5173801565170288,"_wandb":{"runtime":407},"_timestamp":1.7422492613737664e+09,"val_acc":77.11000331115723,"train_acc":99.78400563049317}