{"val_acc":64.13,"train_acc":71.184,"n_flops":95588608,"_step":149,"_timestamp":1.7422472885231056e+09,"epoch":49,"batch_train_acc":66.25,"val_acc_epoch":64.13,"train_loss":0.803055143699646,"n_params":57823240,"_wandb":{"runtime":418},"_runtime":416.902181113,"batch_train_loss":0.798235297203064,"val_loss":1.0713536166191102,"val_loss_epoch":1.0713536166191102}