{"val_acc_epoch":24.91,"_wandb":{"runtime":1461},"batch_train_loss":2.2010316848754883,"batch_train_acc":0,"_timestamp":1.7422596713228748e+09,"_runtime":1458.453898896,"_step":1,"val_loss_epoch":1.898377808850538}