{"n_params":57823240,"_runtime":134.422165505,"batch_train_acc":53.183963775634766,"_wandb":{"runtime":136},"batch_train_loss":1.2688707113265991,"val_loss_epoch":1.2094524450302124,"_step":41,"train_loss":1.2896270736312867,"epoch":13,"val_acc_epoch":55.18000012207031,"throughput":300.68158250026863,"val_loss":1.2094524450302124,"n_flops":95588608,"train_acc":52.36600002563477,"val_acc":55.18000012207031,"_timestamp":1.7422610465095773e+09}