{"_wandb":{"runtime":797},"batch_train_loss":2.3073360919952393,"batch_train_acc":0,"_timestamp":1.7422580161822302e+09,"_runtime":792.466529578,"_step":1,"val_loss_epoch":2.3027576446533202,"val_acc_epoch":10}