{"batch_train_loss":0.010336451232433319,"batch_train_acc":100,"train_acc":99.758,"val_acc":76.79999993896485,"train_loss":0.009710761625766754,"_wandb":{"runtime":380},"_step":149,"_runtime":378.003750958,"n_params":57823240,"val_loss":1.561297452545166,"_timestamp":1.7422486524891188e+09,"epoch":49,"n_flops":95588608,"val_loss_epoch":1.561297452545166,"val_acc_epoch":76.79999993896485}