{"train_loss":0.6266089916992188,"train_acc":78.53,"val_acc_epoch":74.1,"_wandb":{"runtime":121},"epoch":9,"throughput":13.849990261399515,"_runtime":114.82749324,"_step":29,"n_params":57823240,"batch_train_loss":0.5516688823699951,"val_loss_epoch":0.7839152131080628,"val_acc":74.1,"_timestamp":1.7422618034162297e+09,"val_loss":0.7839152131080628,"n_flops":95588608,"batch_train_acc":80}