{"_timestamp":1.7422607174882808e+09,"throughput":86.63426787979502,"_runtime":89.585907711,"_wandb":{"runtime":93},"val_acc":70.31000009765626,"_step":31,"batch_train_acc":76.19047546386719,"train_loss":0.8013141960144043,"val_loss_epoch":0.8002739629745483,"val_loss":0.8476894962310791,"n_params":57823240,"epoch":9,"val_acc_epoch":72.67000002441407,"batch_train_loss":0.7059692740440369,"n_flops":95588608,"train_acc":72.12200002685547}