{"_wandb":{"runtime":2517},"epoch":99,"batch_train_acc":100,"batch_train_loss":8.230948151322082e-05,"n_params":11174858,"val_acc":86.0699998046875,"val_loss":0.6877117344856262,"_timestamp":1.7422650855114949e+09,"val_loss_epoch":0.6877117344856262,"train_acc":100,"train_loss":0.00010521987081738189,"val_acc_epoch":86.0699998046875,"_step":299,"throughput":47.52276012876232,"n_flops":558494720,"_runtime":2515.170185748}